code,qid,old_lat,old_lon,new_lat,new_lon,source,distance_m,notes
123Ж000079_7,,52.816732,25.145408,52.8225794,25.1408748,osm_address,718.0,"OSM building footprint (place_of_worship) for вул. Цэнтральная, 10, 718m from old coord"
123Ж000079_3,,52.816732,25.145408,52.8225794,25.1408748,osm_address,718.0,"OSM building footprint (place_of_worship) for вул. Цэнтральная, 10, 718m from old coord"
123Ж000079_4,,52.816732,25.145408,52.8225794,25.1408748,osm_address,718.0,"OSM building footprint (place_of_worship) for вул. Цэнтральная, 10, 718m from old coord"
123Ж000079_5,,52.816732,25.145408,52.8225794,25.1408748,osm_address,718.0,"OSM building footprint (place_of_worship) for вул. Цэнтральная, 10, 718m from old coord"
123Ж000079_6,,52.816732,25.145408,52.8225794,25.1408748,osm_address,718.0,"OSM building footprint (place_of_worship) for вул. Цэнтральная, 10, 718m from old coord"
123Ж000079_2,,52.816732,25.145408,52.8225794,25.1408748,osm_address,718.0,"OSM building footprint (place_of_worship) for вул. Цэнтральная, 10, 718m from old coord"
123Ж000079,Q141519374,52.816732,25.145408,52.8225794,25.1408748,osm_address,718.0,"OSM building footprint (place_of_worship) for вул. Цэнтральная, 10, 718m from old coord"
412Г000034_1,,53.677839,23.829529,53.6719914,23.8222179,osm_address,809.1,"OSM building footprint (place_of_worship) for вул. Агародная, 2, 809m from old coord"
112Е000002_75,,52.093754,23.685107,52.0952881,23.6833783,osm_address,207.5,"OSM building footprint (apartments) for вул. Леніна, 16, 208m from old coord"
112Е000002_76,,52.093754,23.685107,52.0949315,23.6846312,osm_address,134.9,"OSM building footprint (yes) for вул. Леніна, 20, 135m from old coord"
112Е000002_82,,52.093754,23.685107,52.0872947,23.6857555,osm_address,719.6,"OSM building footprint (museum) for вул. Леніна 37/2, 720m from old coord"
112Е000002_23,,52.093754,23.685107,52.0879861,23.6934465,osm_address,857.9,"OSM building footprint (sports_centre) for вул. 17 Верасня, 20, 858m from old coord"
112Е000002_87,,52.093754,23.685107,52.0887536,23.6873288,osm_address,576.4,"OSM building footprint (clinic) for вул. Леніна, 66, 576m from old coord"
112Е000002_89,,52.093754,23.685107,52.0851582,23.6878175,osm_address,973.6,"OSM building footprint (yes) for вул. Леніна, 80, 974m from old coord"
112Е000002_145,,52.093754,23.685107,52.0983671,23.6881461,osm_address,553.4,"OSM building footprint (university) for вул. Міцкевіча, 28, 553m from old coord"
113Г000727,Q141521034,52.093754,23.685107,52.0895512,23.6855589,osm_address,468.3,"OSM building footprint (bank) for вул. Камуністычная, 24, 468m from old coord"
113Г000013_1,,52.093754,23.685107,52.094888,23.6822362,osm_address,233.2,"OSM building footprint (police) for вул. Леніна, 7, 233m from old coord"
113Г000013_2,,52.093754,23.685107,52.0945641,23.6831869,osm_address,159.1,"OSM building footprint (bank) for вул. Леніна, 9, 159m from old coord"
113Г000013_5,,52.093754,23.685107,52.0923523,23.6855964,osm_address,159.4,"OSM building footprint (hospital) for вул. Леніна, 15, 159m from old coord"
112Е000383_22,,52.208664,24.354324,52.2135085,24.3577952,osm_address,588.3,"OSM building footprint (residential) for вул. Леніна, 12, 588m from old coord"
112Е000383_25,,52.208664,24.354324,52.2138159,24.3586735,osm_address,645.0,"OSM building footprint (place_of_worship) for вул. Леніна, 18, 645m from old coord"
112Е000383_28,,52.208664,24.354324,52.2122207,24.3562053,osm_address,415.7,"OSM building footprint (yes) for вул. Леніна, 21, 416m from old coord"
112Е000383_42,,52.208664,24.354324,52.2124359,24.3591784,osm_address,534.1,"OSM building footprint (yes) for вул. Першамайская, 4, 534m from old coord"
113Г000390_2,,52.208664,24.354324,52.2115554,24.3586438,osm_address,435.9,"OSM building footprint (yes) for вул. Кастрычніцкая, 5, 436m from old coord"
113Г000390_3,,52.208664,24.354324,52.2114079,24.3585328,osm_address,418.7,"OSM building footprint (commercial) for вул. Кастрычніцкая, 7, 419m from old coord"
113Г000391_3,,52.208664,24.354324,52.2112598,24.3663536,osm_address,869.0,"OSM building footprint (yes) for вул. Кірава, 5, 869m from old coord"
113Г000719_1,,52.208664,24.354324,52.2176944,24.3607041,osm_address,1094.2,"OSM building footprint (house) for вул. Леніна 26, 1094m from old coord"
113Г000719_2,,52.208664,24.354324,52.2178495,24.36082,osm_address,1113.1,"OSM building footprint (house) for вул. Леніна, 28, 1113m from old coord"
113Г000719_3,,52.208664,24.354324,52.2180465,24.3609705,osm_address,1137.3,"OSM building footprint (house) for вул. Леніна, 30, 1137m from old coord"
113Г000719_4,,52.208664,24.354324,52.2182229,24.3610694,osm_address,1158.0,"OSM building footprint (house) for вул. Леніна, 32, 1158m from old coord"
113Г000719_5,,52.208664,24.354324,52.2187419,24.3614655,osm_address,1221.7,"OSM building footprint (house) for вул. Леніна, 36, 1222m from old coord"
113Г000719_6,,52.208664,24.354324,52.2189415,24.3615894,osm_address,1245.4,"OSM building footprint (house) for вул. Леніна, 40, 1245m from old coord"
113Г000719_7,,52.208664,24.354324,52.21901,24.361711,osm_address,1255.7,"OSM building footprint (house) for вул. Леніна, 42, 1256m from old coord"
113Г000719_9,,52.208664,24.354324,52.2203232,24.3624466,osm_address,1409.6,"OSM building footprint (detached) for вул. Леніна, 73, 1410m from old coord"
113Г000719_10,,52.208664,24.354324,52.2203887,24.362641,osm_address,1421.5,"OSM building footprint (house) for вул. Леніна, 77, 1422m from old coord"
112Е000383_65,,52.208664,24.354324,52.2172625,24.3595391,osm_address,1020.0,"OSM building footprint (apartments) for вул. Чыгуначная, 2, 1020m from old coord"
112Е000383_66,,52.208664,24.354324,52.2170059,24.3594311,osm_address,990.7,"OSM building footprint (apartments) for вул. Чыгуначная, 3, 991m from old coord"
112Е000383_68,,52.208664,24.354324,52.222199,24.3420349,osm_address,1722.2,"OSM building footprint (detached) for вул. Чыгуначная, 6, 1722m from old coord"
112Е000383_69,,52.208664,24.354324,52.2175115,24.3586778,osm_address,1027.5,"OSM building footprint (detached) for вул. Чыгуначная, 8, 1028m from old coord"
113Г000403_1,,52.208664,24.354324,52.2178296,24.3586646,osm_address,1061.2,"OSM building footprint (detached) for вул. Чыгуначная, 10, 1061m from old coord"
213Г000039_1,,55.184217,30.202878,55.1959938,30.2046248,osm_address,1314.2,"OSM building footprint (apartments) for вул. Крылова, 3, 1314m from old coord"
213Г000039_4,,55.184217,30.202878,55.1957449,30.2038145,osm_address,1283.2,"OSM building footprint (yes) for вул. Крылова, 8, 1283m from old coord"
213Г000059_1,,55.184217,30.202878,55.198478,30.1903901,osm_address,1772.8,"OSM building footprint (yes) for вул. Пакроўская, 1, 1773m from old coord"
212Е000600_10,,55.485576,28.768349,55.487143,28.7720678,osm_address,292.0,"OSM building footprint (hospital) for вул. Камуністычная, 11, 292m from old coord"
212Е000600_11,,55.485576,28.768349,55.4857421,28.7792553,osm_address,687.4,"OSM building footprint (apartments) for вул. Камуністычная, 18, 687m from old coord"
212Е000600_12,,55.485576,28.768349,55.4866974,28.7503927,osm_address,1138.2,"OSM building footprint (yes) for вул. Краснова, 26, 1138m from old coord"
212Е000600_13,,55.485576,28.768349,55.485111,28.7639108,osm_address,284.4,"OSM building footprint (yes) for вул. Ніжнепакроўская, 17, 284m from old coord"
212Е000600_14,,55.485576,28.768349,55.4848481,28.7639107,osm_address,291.1,"OSM building footprint (yes) for вул. Ніжнепакроўская, 19, 291m from old coord"
212Е000600_15,,55.485576,28.768349,55.4846509,28.7653956,osm_address,212.6,"OSM building footprint (yes) for вул. Ніжнепакроўская, 25, 213m from old coord"
212Е000600_16,,55.485576,28.768349,55.4844743,28.7699131,osm_address,157.2,"OSM building footprint (apartments) for вул. Ніжнепакроўская, 31, 157m from old coord"
212Е000600_18,,55.485576,28.768349,55.4832501,28.7772131,osm_address,615.5,"OSM building footprint (yes) for вул. Ніжнепакроўская, 40, 616m from old coord"
212Е000600_21,,55.485576,28.768349,55.4869913,28.7830856,osm_address,941.7,"OSM building footprint (apartments) for вул. Пушкіна, 15, 942m from old coord"
212Е000600_47,,55.485576,28.768349,55.4843815,28.7718252,osm_address,256.1,"OSM building footprint (yes) for вул. Энгельса, 3, 256m from old coord"
212Е000600_48,,55.485576,28.768349,55.4843858,28.7723409,osm_address,284.2,"OSM building footprint (yes) for вул. Энгельса, 4, 284m from old coord"
411Е000002_1,,53.677839,23.829529,53.6870681,23.8405305,osm_address,1256.2,"OSM building footprint (place_of_worship) for вул. Акадэмічная, 7, 1256m from old coord"
411Е000002_2,,53.677839,23.829529,53.6880935,23.8394842,osm_address,1315.3,"OSM building footprint (apartments) for вул. Акадэмічная, 14, 1315m from old coord"
411Е000002_3,,53.677839,23.829529,53.6886684,23.8397218,osm_address,1378.6,"OSM building footprint (apartments) for вул. Акадэмічная, 15, 1379m from old coord"
411Е000002_4,,53.677839,23.829529,53.6885056,23.8393413,osm_address,1350.7,"OSM building footprint (public) for вул. Акадэмічная, 16, 1351m from old coord"
411Е000002_6,,53.677839,23.829529,53.6857896,23.8417379,osm_address,1195.0,"OSM building footprint (apartments) for вул. Батанічная, 3, 1195m from old coord"
411Е000002_7,,53.677839,23.829529,53.6860939,23.8422243,osm_address,1241.6,"OSM building footprint (apartments) for вул. Батанічная, 4, 1242m from old coord"
411Е000002_9,,53.677839,23.829529,53.6862446,23.8438789,osm_address,1329.2,"OSM building footprint (apartments) for вул. Батанічная, 15, 1329m from old coord"
411Е000002_95,,53.677839,23.829529,53.6769606,23.835616,osm_address,412.6,"OSM building footprint (apartments) for вул. Маладзёжная, 3, 413m from old coord"
411Е000002_96,,53.677839,23.829529,53.6768793,23.8368254,osm_address,492.3,"OSM building footprint (place_of_worship) for вул. Маладзёжная 4, 492m from old coord"
411Е000002_97,,53.677839,23.829529,53.6768222,23.835528,osm_address,411.0,"OSM building footprint (apartments) for вул. Маладзёжная, 5, 411m from old coord"
411Е000002_98,,53.677839,23.829529,53.6765613,23.8353427,osm_address,408.4,"OSM building footprint (house) for вул. Маладзёжная, 7, 408m from old coord"
411Е000002_99,,53.677839,23.829529,53.6765338,23.8352406,osm_address,403.2,"OSM building footprint (apartments) for вул. Маладзёжная, 9, 403m from old coord"
411Е000002_100,,53.677839,23.829529,53.673233,23.8292365,osm_address,512.5,"OSM building footprint (commercial) for вул. Маставая, 39, 512m from old coord"
411Е000002_101,,53.697553,23.836751,53.6734619,23.8296806,osm_address,2719.0,"OSM building footprint (apartments) for вул. Маставая, 40, 2719m from old coord"
411Е000002_115,,53.677839,23.829529,53.6751629,23.837394,osm_address,597.4,"OSM building footprint (apartments) for вул. Свярдлова, 3, 597m from old coord"
411Е000002_116,,53.677839,23.829529,53.6743136,23.8373915,osm_address,649.5,"OSM building footprint (apartments) for вул. Свярдлова, 4, 650m from old coord"
411Е000002_117,,53.677839,23.829529,53.6734737,23.8367423,osm_address,679.2,"OSM building footprint (yes) for вул. Свярдлова, 4А, 679m from old coord"
411Е000002_118,,53.677839,23.829529,53.6730171,23.8361003,osm_address,689.1,"OSM building footprint (yes) for вул. Свярдлова, 4Б, 689m from old coord"
411Е000002_171,,53.677839,23.829529,53.6730171,23.8361003,osm_address,689.1,"OSM building footprint (yes) for вул. Свярдлова, 4Б, 689m from old coord"
411Е000002_119,,53.677839,23.829529,53.6743593,23.8365967,osm_address,605.3,"OSM building footprint (residential) for вул. Свярдлова, 8, 605m from old coord"
411Е000002_26,,53.677839,23.829529,53.6828256,23.8322858,osm_address,583.5,"OSM building footprint (commercial) for вул. Віленская, 1, 584m from old coord"
411Е000002_26-1,,53.677839,23.829529,53.6825389,23.8319707,osm_address,546.8,"OSM building footprint (commercial) for вул. Віленская, 2, 547m from old coord"
411Е000002_27,,53.677839,23.829529,53.6826741,23.8314178,osm_address,551.8,"OSM building footprint (public) for вул. Віленская, 6, 552m from old coord"
411Е000002_145,,53.677839,23.829529,53.6831235,23.8411347,osm_address,964.1,"OSM building footprint (residential) for вул. Студэнцкая, 3, 964m from old coord"
411Е000002_149,,53.677839,23.829529,53.683089,23.8422218,osm_address,1019.6,"OSM building footprint (office) for вул. Студэнцкая, 11, 1020m from old coord"
411Е000002_164,,53.677839,23.829529,53.6825103,23.8329935,osm_address,567.3,"OSM building footprint (house) for вул. Урыцкага, 1, 567m from old coord"
411Е000002_165,,53.677839,23.829529,53.6814157,23.833095,osm_address,461.9,"OSM building footprint (public) for вул. Урыцкага, 5, 462m from old coord"
411Е000002_166,,53.677839,23.829529,53.6811847,23.8330371,osm_address,437.9,"OSM building footprint (public) for вул. Урыцкага, 8, 438m from old coord"
411Е000002_167,,53.677839,23.829529,53.6810719,23.832633,osm_address,413.5,"OSM building footprint (public) for вул. Урыцкага, 9, 414m from old coord"
411Е000002_168,,53.677839,23.829529,53.6809789,23.8329858,osm_address,416.8,"OSM building footprint (apartments) for вул. Урыцкага, 10, 417m from old coord"
411Е000002_169,,53.677839,23.829529,53.6808419,23.833335,osm_address,417.5,"OSM building footprint (commercial) for вул. Урыцкага, 12, 418m from old coord"
411Е000002_170,,53.677839,23.829529,53.680692,23.832569,osm_address,375.1,"OSM building footprint (residential) for вул. Урыцкага, 13, 375m from old coord"
411Е000002_172,,53.677839,23.829529,53.6806596,23.8328647,osm_address,382.9,"OSM building footprint (residential) for вул. Урыцкага, 14, 383m from old coord"
411Е000002_173,,53.677839,23.829529,53.6803952,23.8324797,osm_address,344.3,"OSM building footprint (residential) for вул. Урыцкага, 17, 344m from old coord"
411Е000002_174,,53.677839,23.829529,53.6803147,23.8327812,osm_address,348.8,"OSM building footprint (residential) for вул. Урыцкага, 18, 349m from old coord"
411Е000002_176,,53.677839,23.829529,53.6802553,23.8324011,osm_address,328.6,"OSM building footprint (residential) for вул. Урыцкага, 19, 329m from old coord"
411Е000002_177,,53.677839,23.829529,53.6802057,23.8327537,osm_address,338.2,"OSM building footprint (residential) for вул. Урыцкага, 20, 338m from old coord"
411Е000002_178,,53.677839,23.829529,53.680117,23.8323707,osm_address,314.9,"OSM building footprint (yes) for вул. Урыцкага, 21, 315m from old coord"
411Е000002_179,,53.677839,23.829529,53.6800947,23.8327083,osm_address,326.7,"OSM building footprint (residential) for вул. Урыцкага, 22, 327m from old coord"
411Е000002_180,,53.697553,23.836751,53.6800338,23.832344,osm_address,1969.5,"OSM building footprint (residential) for вул. Урыцкага, 23, 1970m from old coord"
411Е000002_181,,53.697553,23.836751,53.6799168,23.8326942,osm_address,1979.2,"OSM building footprint (residential) for вул. Урыцкага, 24, 1979m from old coord"
413Г000661_6,,53.677839,23.829529,53.6776085,23.8325484,osm_address,200.5,"OSM building footprint (yes) for вул. К. Маркса, 9А, 200m from old coord"
412Г000665_3,,53.677839,23.829529,53.6795431,23.8301143,osm_address,193.4,"OSM building footprint (commercial) for вул. Савецкая, 5, 193m from old coord"
412Г000665_4,,53.677839,23.829529,53.6798401,23.8306036,osm_address,233.5,"OSM building footprint (public) for вул. Савецкая, 7, 234m from old coord"
412Г000665_7,,53.677839,23.829529,53.6803355,23.8309724,osm_address,293.4,"OSM building footprint (public) for вул. Савецкая, 13, 293m from old coord"
412Г000665_8,,53.677839,23.829529,53.6812868,23.8308966,osm_address,393.8,"OSM building footprint (commercial) for вул. Савецкая, 14, 394m from old coord"
412Г000665_9,,53.677839,23.829529,53.6805753,23.8312492,osm_address,324.7,"OSM building footprint (public) for вул. Савецкая, 15, 325m from old coord"
412Г000014_3,,53.677839,23.829529,53.6785662,23.8269298,osm_address,189.3,"OSM building footprint (residential) for вул. Замкавая, 7, 189m from old coord"
413Г000661_25,,53.697553,23.836751,53.6773474,23.8385204,osm_address,2249.8,"OSM building footprint (house) for вул. К. Маркса, 34А, 2250m from old coord"
413Г000661_27,,53.697553,23.836751,53.677207,23.8390087,osm_address,2267.3,"OSM building footprint (public) for вул. К. Маркса, 38А, 2267m from old coord"
413Г000727_1,,53.677839,23.829529,53.6856047,23.8278914,osm_address,870.2,"OSM building footprint (house) for вул. Мядовая, 3, 870m from old coord"
413Г000727_4,,53.677839,23.829529,53.6852593,23.8271354,osm_address,840.0,"OSM building footprint (house) for вул. Мядовая, 6, 840m from old coord"
412Г000665_11,,53.677839,23.829529,53.680752,23.8310818,osm_address,339.7,"OSM building footprint (public) for вул. Савецкая, 17, 340m from old coord"
412Г000665_13,,53.677839,23.829529,53.680752,23.8310818,osm_address,339.7,"OSM building footprint (public) for вул. Савецкая, 17Б, 340m from old coord"
412Г000665_14,,53.677839,23.829529,53.6808938,23.8312135,osm_address,357.3,"OSM building footprint (public) for вул. Савецкая, 19, 357m from old coord"
412Г000665_15,,53.677839,23.829529,53.6810454,23.8313435,osm_address,376.0,"OSM building footprint (public) for вул. Савецкая, 21, 376m from old coord"
412Г000665_16,,53.697553,23.836751,53.6812272,23.8315004,osm_address,1848.0,"OSM building footprint (public) for вул. Савецкая, 23, 1848m from old coord"
412Г000665_17,,53.677839,23.829529,53.6815865,23.8317723,osm_address,442.1,"OSM building footprint (public) for вул. Савецкая, 25, 442m from old coord"
412Г000665_19,,53.697553,23.836751,53.6822831,23.8323243,osm_address,1722.8,"OSM building footprint (public) for вул. Савецкая, 31, 1723m from old coord"
413Г000390,Q141523442,53.598711,25.825082,53.5982999,25.8234867,osm_address,114.8,"OSM building footprint (residential) for вул. Гродзенская, 5, 115m from old coord"
413Г000441_1,,53.598711,25.825082,53.5935772,25.8190445,osm_address,696.1,"OSM building footprint (house) for вул. Чырвонаармейская, 4, 696m from old coord"
413Г000441_3,,53.598711,25.825082,53.5938742,25.81827,osm_address,701.0,"OSM building footprint (house) for вул. Чырвонаармейская, 8, 701m from old coord"
513Е000774_61,,53.145597,29.225538,53.1325244,29.2268802,osm_address,1456.4,"OSM building footprint (yes) for вул. Дзяржынскага, 46, 1456m from old coord"
513Е000774_62,,53.145597,29.225538,53.1321513,29.2265941,osm_address,1496.8,"OSM building footprint (yes) for вул. Дзяржынскага, 50, 1497m from old coord"
513Е000774_63,,53.145597,29.225538,53.1316874,29.2260211,osm_address,1547.0,"OSM building footprint (yes) for вул. Дзяржынскага, 51а, 1547m from old coord"
513Е000774_64,,53.145597,29.225538,53.1316874,29.2260211,osm_address,1547.0,"OSM building footprint (yes) for вул. Дзяржынскага, 51, 1547m from old coord"
513Е000774_65,,53.145597,29.225538,53.132014,29.2258995,osm_address,1510.6,"OSM building footprint (yes) for вул. Дзяржынскага, 54, 1511m from old coord"
513Е000774_66,,53.145597,29.225538,53.1318435,29.2251268,osm_address,1529.6,"OSM building footprint (house) for вул. Дзяржынскага, 58, 1530m from old coord"
513Е000774_33,,53.145597,29.225538,53.1373593,29.227277,osm_address,923.3,"OSM building footprint (tea) for вул. Сацыялістычная, 70, 923m from old coord"
513Е000774_34,,53.145597,29.225538,53.1329653,29.2272991,osm_address,1409.5,"OSM building footprint (yes) for вул. Сацыялістычная, 71, 1410m from old coord"
513Е000774_35,,53.145597,29.225538,53.1331205,29.2272343,osm_address,1391.9,"OSM building footprint (house) for вул. Сацыялістычная, 73, 1392m from old coord"
513Е000774_37,,53.145597,29.225538,53.1337434,29.2271228,osm_address,1322.3,"OSM building footprint (yes) for вул. Сацыялістычная, 77, 1322m from old coord"
513Е000774_38,,53.145597,29.225538,53.1376038,29.2272287,osm_address,895.9,"OSM building footprint (house) for вул. Сацыялістычная, 78, 896m from old coord"
513Е000774_39,,53.145597,29.225538,53.1340218,29.2271421,osm_address,1291.5,"OSM building footprint (yes) for вул. Сацыялістычная, 79, 1292m from old coord"
513Е000774_40,,53.145597,29.225538,53.1342372,29.2271187,osm_address,1267.5,"OSM building footprint (house) for вул. Сацыялістычная, 81, 1268m from old coord"
513Е000774_41,,53.162926,29.230083,53.1344388,29.2270211,osm_address,3174.2,"OSM building footprint (yes) for вул. Сацыялістычная, 85, 3174m from old coord"
513Е000774_42,,53.162926,29.230083,53.1347062,29.2270415,osm_address,3144.4,"OSM building footprint (yes) for вул. Сацыялістычная, 89, 3144m from old coord"
513Е000774_43,,53.162926,29.230083,53.1348196,29.2269776,osm_address,3132.1,"OSM building footprint (yes) for вул. Сацыялістычная, 91, 3132m from old coord"
513Е000774_44,,53.162926,29.230083,53.1367482,29.2267422,osm_address,2919.4,"OSM building footprint (house) for вул. Сацыялістычная, 97, 2919m from old coord"
513Е000774_45,,53.162926,29.230083,53.1370808,29.226626,osm_address,2883.1,"OSM building footprint (house) for вул. Сацыялістычная, 99, 2883m from old coord"
513Е000774_46,,53.162926,29.230083,53.1376425,29.2266165,osm_address,2820.9,"OSM building footprint (company) for вул. Сацыялістычная, 103, 2821m from old coord"
513Е000774_50,,53.145597,29.225538,53.1354374,29.2284185,osm_address,1145.9,"OSM building footprint (yes) for вул. Камсамольская, 34, 1146m from old coord"
513Е000774_53,,53.145597,29.225538,53.134835,29.2264385,osm_address,1198.2,"OSM building footprint (yes) for вул. Камсамольская, 39, 1198m from old coord"
513Е000774_55,,53.145597,29.225538,53.1347439,29.2258529,osm_address,1207.0,"OSM building footprint (yes) for вул. Камсамольская, 43, 1207m from old coord"
513Е000774_9,,53.145597,29.225538,53.1334926,29.2253136,osm_address,1346.0,"OSM building footprint (house) for вул. Савецкая, 54/68, 1346m from old coord"
513Е000774_10,,53.145597,29.225538,53.1339371,29.2248654,osm_address,1297.3,"OSM building footprint (convenience) for вул. Савецкая, 55, 1297m from old coord"
513Е000774_19,,53.145597,29.225538,53.1306694,29.2282256,osm_address,1669.5,"OSM building footprint (sports_centre) for вул. Сацыялістычная, 34, 1670m from old coord"
513Е000774_20,,53.145597,29.225538,53.1308816,29.228263,osm_address,1646.3,"OSM building footprint (place_of_worship) for вул. Сацыялістычная, 36, 1646m from old coord"
513Е000774_21,,53.145597,29.225538,53.1339482,29.2276755,osm_address,1303.1,"OSM building footprint (yes) for вул. Сацыялістычная, 46/54, 1303m from old coord"
513Е000774_22,,53.145597,29.225538,53.1339482,29.2276755,osm_address,1303.1,"OSM building footprint (yes) for вул. Сацыялістычная, 46/1, 1303m from old coord"
513Е000774_23,,53.145597,29.225538,53.1308666,29.2275732,osm_address,1643.6,"OSM building footprint (convenience) for вул. Сацыялістычная, 47, 1644m from old coord"
513Е000774_24,,53.145597,29.225538,53.1342538,29.2276375,osm_address,1269.1,"OSM building footprint (yes) for вул. Сацыялістычная, 48, 1269m from old coord"
513Е000774_25,,53.145597,29.225538,53.134573,29.2277057,osm_address,1234.3,"OSM building footprint (yes) for вул. Сацыялістычная, 52, 1234m from old coord"
513Е000774_27,,53.145597,29.225538,53.1355102,29.2274861,osm_address,1129.1,"OSM building footprint (yes) for вул. Сацыялістычная, 56/40, 1129m from old coord"
513Е000774_28,,53.145597,29.225538,53.1357618,29.2274321,osm_address,1100.9,"OSM building footprint (apartments) for вул. Сацыялістычная, 60, 1101m from old coord"
513Е000774_29,,53.145597,29.225538,53.1319618,29.2274203,osm_address,1521.4,"OSM building footprint (yes) for вул. Сацыялістычная, 63, 1521m from old coord"
513Е000774_31,,53.145597,29.225538,53.1371671,29.2273,osm_address,944.7,"OSM building footprint (house) for вул. Сацыялістычная, 68, 945m from old coord"
513Е000774_32,,53.145597,29.225538,53.1327577,29.227325,osm_address,1432.6,"OSM building footprint (yes) for вул. Сацыялістычная, 69, 1433m from old coord"
711Е000001_1_8,,53.935766,27.521658,53.9057866,27.5583445,osm_address,4109.0,"OSM building footprint (retail) for вул. Герцэна, 12, 4109m from old coord"
711Е000001_1_17,,53.935766,27.521658,53.904059,27.5591155,osm_address,4295.0,"OSM building footprint (yes) for вул. Інтэрнацыянальная, 25, 4295m from old coord"
711Е000001_1_19,,53.902623,27.556154,53.904363,27.5597404,osm_address,304.4,"OSM building footprint (yes) for вул. Інтэрнацыянальная, 29, 304m from old coord"
711Е000001_1_20,,53.902623,27.556154,53.9047845,27.5592016,osm_address,312.5,"OSM building footprint (yes) for вул. Інтэрнацыянальная, 29А, 312m from old coord"
711Е000001_1_28,,53.902623,27.556154,53.9030636,27.551999,osm_address,276.6,"OSM building footprint (bar) for вул. Камсамольская, 9/16, 277m from old coord"
711Е000001_5_13,,53.935766,27.521658,53.9067484,27.5485008,osm_address,3674.3,"OSM building footprint (yes) for вул. Замкавая, 25, 3674m from old coord"
711Е000001_5_14,,53.935766,27.521658,53.9067751,27.5482049,osm_address,3662.5,"OSM building footprint (yes) for вул. Замкавая, 27, 3662m from old coord"
711Е000001_5_15,,53.935766,27.521658,53.9065963,27.5481645,osm_address,3678.7,"OSM building footprint (yes) for вул. Замкавая, 27А, 3679m from old coord"
711Е000001_4_3,,53.935766,27.521658,53.9080791,27.5560525,osm_address,3814.5,"OSM building footprint (museum) for вул. М. Багдановіча, 7А, 3814m from old coord"
711Е000001_4_5,,53.935766,27.521658,53.9082392,27.5563536,osm_address,3811.9,"OSM building footprint (yes) for вул. М. Багдановіча, 9А, 3812m from old coord"
711Е000001_4_8,,53.935766,27.521658,53.9088613,27.5567655,osm_address,3772.9,"OSM building footprint (government) for вул. М. Багдановіча, 17А, 3773m from old coord"
711Е000001_1_2,,53.935766,27.521658,53.9046133,27.5579443,osm_address,4200.7,"OSM building footprint (hairdresser) for вул. Герцэна, 2, 4201m from old coord"
711Е000001_1_3,,53.935766,27.521658,53.9050303,27.5587569,osm_address,4193.1,"OSM building footprint (yes) for вул. Герцэна, 2А, 4193m from old coord"
711Е000001_1_4,,53.935766,27.521658,53.904943,27.5580784,osm_address,4175.5,"OSM building footprint (retail) for вул. Герцэна, 4, 4176m from old coord"
711Е000001_1_5,,53.935766,27.521658,53.9051875,27.5581262,osm_address,4155.0,"OSM building footprint (clothes) for вул. Герцэна, 6, 4155m from old coord"
711Е000001_1_6,,53.935766,27.521658,53.9054308,27.5581347,osm_address,4133.2,"OSM building footprint (yes) for вул. Герцэна, 8, 4133m from old coord"
711Е000001_1_7,,53.935766,27.521658,53.905617,27.5583046,osm_address,4122.8,"OSM building footprint (retail) for вул. Герцэна, 10, 4123m from old coord"
711Е000001_5_35,,53.935766,27.521658,53.906904,27.5462097,osm_address,3589.5,"OSM building footprint (residential) for вул. Шпалерная, 6А, 3590m from old coord"
713Г000143_1,,53.871021,27.492966,53.8996154,27.546511,osm_address,4735.5,"OSM building footprint (apartments) for вул. Мяснікова, 11А, 4736m from old coord"
713Г000143_2,,53.871021,27.492966,53.8997708,27.5467652,osm_address,4759.4,"OSM building footprint (apartments) for вул. Мяснікова, 11Б, 4759m from old coord"
713Г000143_3,,53.871021,27.492966,53.8994924,27.5472064,osm_address,4760.2,"OSM building footprint (residential) for вул. Мяснікова, 11В, 4760m from old coord"
713Г000143_4,,53.871021,27.492966,53.8993327,27.5473425,osm_address,4755.1,"OSM building footprint (residential) for вул. Мяснікова, 11Г, 4755m from old coord"
713Г000143_5,,53.871021,27.492966,53.8974985,27.5417996,osm_address,4348.8,"OSM building footprint (university) for вул. Мяснікова, 38, 4349m from old coord"
713Г000143_7,,53.871021,27.492966,53.8944779,27.5413372,osm_address,4105.4,"OSM building footprint (apartments) for вул. Мяснікова, 76, 4105m from old coord"
713Г000143_8,,53.871021,27.492966,53.8939913,27.5405838,osm_address,4032.9,"OSM building footprint (apartments) for вул. Мяснікова, 78, 4033m from old coord"
413Г000778,Q141523285,53.697553,23.836751,53.6753684,23.8275239,osm_address,2540.5,"OSM building footprint (theatre) for вул. Маставая, 35, 2540m from old coord"
213Г000001_2,,55.184217,30.202878,55.1873285,30.1886466,osm_address,967.4,"OSM building footprint (yes) for вул. Будзённага, 5, 967m from old coord"
413Г000659,Q141522404,53.697553,23.836751,53.6769647,23.82801,osm_address,2360.6,"OSM building footprint (commercial) for вул. Маставая, 31, 2361m from old coord"
412Г000025_2,,53.677839,23.829529,53.6809719,23.8291648,osm_address,349.2,"OSM building footprint (residential) for вул. Савецкая, 8, 349m from old coord"
612Г000481,Q141526438,53.21515,26.68112,53.2218894,26.679101,osm_address,761.3,"OSM building footprint (community_centre) for вул. Гейсіка, 1, 761m from old coord"
613В000468,Q141530979,53.21515,26.68112,53.2218894,26.679101,osm_address,761.3,"OSM building footprint (community_centre) for вул. Гейсіка, 1, 761m from old coord"
613Г000477_3,,53.218778,26.681985,53.2118204,26.6871863,osm_address,847.6,"OSM building footprint (government) for вул. Сыракомлі, 29 А, 848m from old coord"
611Г000474_2,,53.2054,26.63665,53.2190631,26.6812313,osm_address,3334.8,"OSM building footprint (building) for вул. Савецкая, 3А, вул. Беларуская, 2, вул. Беларуская, 2А, 3335m from old coord"
412Г000664_1,,53.677839,23.829529,53.6621202,23.7928492,osm_address,2982.2,"OSM building footprint (place_of_worship) for вул. Рэпіна, 2, 2982m from old coord"
413Г000421,Q141508477,53.598711,25.825082,53.5981595,25.8421308,osm_address,1126.7,"OSM building footprint (college) for вул. Мінская, 68Д/2, 62, 68/8, 1127m from old coord"
412Г000499,Q141519743,53.082878,25.389193,53.0886583,25.3969695,osm_address,826.3,"OSM building footprint (attraction) for вул. Калгасная, 4, 826m from old coord"
412Г000499_5,,53.082878,25.389193,53.0886583,25.3969695,osm_address,826.3,"OSM building footprint (attraction) for вул. Калгасная, 4, 826m from old coord"
412Г000499_1,,53.082878,25.389193,53.0886583,25.3969695,osm_address,826.3,"OSM building footprint (attraction) for вул. Калгасная, 4, 826m from old coord"
412Г000499_2,,53.082878,25.389193,53.0892579,25.3969267,osm_address,877.5,"OSM building footprint (sports_centre) for вул. Калгасная, 2, 878m from old coord"
412Г000499_3,,53.082878,25.389193,53.0893268,25.3945694,osm_address,801.9,"OSM building footprint (restaurant) for вул. Калгасная, 8, 802m from old coord"
512Г000433_12,,54.304521,30.943952,54.2924455,30.9892829,osm_address,3233.5,"OSM building footprint (apartments) for вул. Мічурына, 3, 3234m from old coord"
512Г000433_5,,54.304521,30.943952,54.2940222,30.9904196,osm_address,3233.3,"OSM building footprint (apartments) for вул. Мічурына, 2, 3233m from old coord"
512Г000433_3,,54.304521,30.943952,54.292551,30.9877798,osm_address,3140.0,"OSM building footprint (yes) for вул. Ціміразева, 6, 3140m from old coord"
512Г000433_11,,54.304521,30.943952,54.2923661,30.9881622,osm_address,3171.2,"OSM building footprint (apartments) for вул. Ціміразева, 4, 3171m from old coord"
412Г000167_4,,53.677839,23.829529,53.6612788,23.8702681,osm_address,3254.7,"OSM building footprint (industrial) for вул. Панямуньская, 20, 3255m from old coord"
323Г000125_3,,52.55917,31.172493,52.5594217,31.1705751,osm_address,132.6,"OSM building footprint (museum) for вул. Красная плошча, 13, 133m from old coord"
323Г000125_4,,52.55917,31.172493,52.5594217,31.1705751,osm_address,132.6,"OSM building footprint (museum) for вул. Красная плошча, 13, 133m from old coord"
323Г000125_1,,52.55917,31.172493,52.5594217,31.1705751,osm_address,132.6,"OSM building footprint (museum) for вул. Красная плошча, 13, 133m from old coord"
323Г000125_2,,52.55917,31.172493,52.5594217,31.1705751,osm_address,132.6,"OSM building footprint (museum) for вул. Красная плошча, 13, 133m from old coord"
213Г000614_1,,55.485576,28.768349,55.4847341,28.7630392,osm_address,347.4,"OSM building footprint (yes) for вул. Ніжнепакроўская, 6, 347m from old coord"
213Г000614_2,,55.485576,28.768349,55.4851527,28.7616385,osm_address,425.4,"OSM building footprint (yes) for вул. Ніжнепакроўская, 9, 425m from old coord"
213Г000614_3,,55.485576,28.768349,55.4838457,28.7710534,osm_address,257.0,"OSM building footprint (yes) for вул. Ніжнепакроўская, 26, 257m from old coord"
612Г000480_3,,53.218778,26.681985,53.2156896,26.6815359,osm_address,344.7,"OSM building footprint (college) for вул. Чкалава, 8, 345m from old coord"
612Г000658_6,,53.2054,26.63665,53.2023611,26.6424147,osm_address,511.5,"OSM building footprint (yes) for вул. Камарова, 2А, 512m from old coord"
610Г000466_2,,53.218778,26.681985,53.2231288,26.6912334,osm_address,783.0,"OSM building footprint (ticket) for вул. Замкавая, 2/3, 783m from old coord"
610Г000466_3,,53.218778,26.681985,53.2231288,26.6912334,osm_address,783.0,"OSM building footprint (ticket) for вул. Замкавая, 2/1, 783m from old coord"
313Д000757,Q141517466,,,52.739181,29.661108,pravo_new,,New coord from official decree (bbox=32m)
613Д000531,Q141531016,,,52.54257,27.47299,pravo_new,,New coord from official decree (bbox=29m)
612Ж000530,Q141526392,,,52.783416,27.540569,pravo_new,,New coord from official decree (bbox=122m)
613Г000673,Q141531020,,,52.844828,27.64864,pravo_new,,New coord from official decree (bbox=108m)
613В000542,Q141531430,,,53.027798,27.555763,pravo_new,,New coord from official decree (bbox=189m)
513Г000021,Q122890978,,,53.922431,30.34708,pravo_new,,New coord from official decree (bbox=263m)
213Д000691,Q141521138,,,55.367038,28.940136,pravo_new,,New coord from official decree (bbox=28m)
713В000095,Q141531485,,,53.842678,27.482931,pravo_new,,New coord from official decree (bbox=218m)
413В000161,Q141517762,,,53.807296,23.854146,pravo_new,,New coord from official decree (bbox=919m)
212В000635,Q141518843,,,55.491416,28.767484,pravo_new,,New coord from official decree (bbox=141m)
213В000950,Q141518864,,,55.48746,28.768891,pravo_new,,New coord from official decree (bbox=1273m)
213В000951,Q141518869,,,55.480108,28.76457,pravo_new,,New coord from official decree (bbox=2376m)
413В000383,Q141509568,,,53.356395,24.634796,pravo_new,,New coord from official decree (bbox=288m)
413В000379,Q141523426,,,53.483887,24.224974,pravo_new,,New coord from official decree (bbox=73m)
413В000375,Q141523421,,,53.35122,24.657775,pravo_new,,New coord from official decree (bbox=59m)
513Д000154,Q141522224,,,53.518353,30.255673,pravo_new,,New coord from official decree (bbox=25m)
613В000288,Q141531364,,,52.824251,27.874866,pravo_new,,New coord from official decree (bbox=159m)
413В000189,Q141525632,,,53.573935,24.038333,pravo_new,,New coord from official decree (bbox=189m)
413В000190,Q141525634,,,53.572355,24.03973,pravo_new,,New coord from official decree (bbox=229m)
413В000191,Q141525635,,,53.571118,24.040572,pravo_new,,New coord from official decree (bbox=173m)
413Д000377,Q141523423,,,53.394869,24.804714,pravo_new,,New coord from official decree (bbox=6m)
611Г000476,Q5414778,53.217964,26.685475,53.221297,26.679636,pravo_discrepancy,537.1,"Discrepancy from official decree centroid, 537m from old coord (bbox=1475m)"
213Д000473,Q92017169,54.675283,30.811603,54.681577,30.815228,pravo_discrepancy,737.6,"Discrepancy from official decree centroid, 738m from old coord (bbox=567m)"
513Д000460,Q141517815,53.275343,29.238829,53.265464,29.244969,pravo_discrepancy,1171.9,"Discrepancy from official decree centroid, 1172m from old coord (bbox=20m)"
113Д000633,Q141521463,52.61518,24.405187,52.613274,24.39614,pravo_discrepancy,646.5,"Discrepancy from official decree centroid, 646m from old coord (bbox=15m)"
113Д000649,Q141516791,52.70572,24.637402,52.708238,24.627745,pravo_discrepancy,708.3,"Discrepancy from official decree centroid, 708m from old coord (bbox=7m)"
113Д000611,Q141521390,52.880013,25.025851,52.877269,25.034469,pravo_discrepancy,653.9,"Discrepancy from official decree centroid, 654m from old coord (bbox=5m)"
113Д000632,Q141521459,52.751694,24.093553,52.746186,24.102324,pravo_discrepancy,850.7,"Discrepancy from official decree centroid, 851m from old coord (bbox=13m)"
612Д000316,Q141531396,53.899316,27.560925,54.254115,27.092098,pravo_discrepancy,49918.9,"Discrepancy from official decree centroid, 49919m from old coord (bbox=158m)"
613Д000519,Q107316453,53.482359,28.029431,53.601989,28.384173,pravo_discrepancy,26951.2,"Discrepancy from official decree centroid, 26951m from old coord (bbox=50m)"
613Д000513,Q100951513,53.403056,28.187222,53.703893,27.946442,pravo_discrepancy,37040.3,"Discrepancy from official decree centroid, 37040m from old coord (bbox=26m)"
613Г000199,Q141526191,53.115708,26.549888,53.111449,26.573351,pravo_discrepancy,1636.0,"Discrepancy from official decree centroid, 1636m from old coord (bbox=203m)"
312Г000281,Q141516918,51.813522,29.159853,51.803433,29.151682,pravo_discrepancy,1254.6,"Discrepancy from official decree centroid, 1255m from old coord (bbox=118m)"
213Д000431,Q141521070,54.43533,28.03404,54.73141,28.061236,pravo_discrepancy,32969.2,"Discrepancy from official decree centroid, 32969m from old coord (bbox=30m)"
113Д000639,Q141521488,52.649357,24.508251,52.8812978,24.867885,osm_memorial_corrected,35364.4,"OSM memorial match (score=150, dist=35364m from old)"
711Д000283,Q141526751,,,53.838652,27.70534,pravo_new,,"Primary memorial territory (Brама Памяці/Gate of Memory, pts 1-36). Blagovshchina pits (pts 40-47) at 53.842739,27.7411 archived as secondary."
